group,factor_mean,factor_min,factor_max,ret_mean,ret_std,count
1,-0.22434761768555805,-0.511614324625672,-0.1289558307204842,-0.000680471359017505,0.03236849073132908,310
2,-0.07701158771530901,-0.1287992167069573,-0.0439965511435318,0.004005926207266343,0.029305387266198142,310
3,-0.020396372322999796,-0.0438984516416244,0.0031558466380789,-0.0028972221258830536,0.02134910204252662,309
4,0.018481690614593316,0.0033712121538092,0.0342843086783719,0.0007561959970627818,0.01701213928445712,310
5,0.07045716443184409,0.0345928413345634,0.1489488519132862,0.00019977258575093614,0.015401144987117305,310
