group,factor_mean,factor_min,factor_max,ret_mean,ret_std,count
1,-0.22373506425852943,-0.511614324625672,-0.1287793494312168,-0.0004169438285699499,0.04018908470245922,312
2,-0.07661827468889963,-0.127795187144039,-0.044391203045974,0.005700855228611632,0.03576148258619675,311
3,-0.020853992933675902,-0.0443844918760904,0.0030540523425676,-0.0035308234500599864,0.02512861368122958,311
4,0.018332245621798395,0.0031327598956649,0.0342322109162883,0.0001866735638788213,0.022294332043675917,311
5,0.0703408529985532,0.0342843086783719,0.1489488519132862,0.0006865575988256334,0.01970437660472732,311
