period,ic,pvalue,ic_mean,ic_std,icir,ic_positive_rate,sample_size
1D,0.00690240350716774,0.7859145137278323,0.052578113503183345,0.13105370679632103,0.4011951648563315,0.6357292393579902,1551
3D,0.018178497892135183,0.4746468742259003,0.06628229935554995,0.2225677652837768,0.2978072735332502,0.5988819007686932,1549
5D,0.025024559588997224,0.3253011919853306,0.07547853222352637,0.27598127767422825,0.2734914950014188,0.615815255423373,1547
10D,0.013318346898454927,0.6012609856703223,0.03827039464210811,0.3883556425190921,0.09854471121847208,0.5660112359550562,1542
20D,-0.023150857580158415,0.36518776536420433,0.01784166631813509,0.4888212423819267,0.03649936780815063,0.5077793493635078,1532
