group,factor_mean,factor_min,factor_max,ret_mean,ret_std,count
1,0.5154333881547518,0.10648050021195422,0.7350325535541908,0.0004964477007425164,0.019853087812548766,315
2,0.8955996341508561,0.7365470220318927,1.036494416051486,0.001404846634258357,0.01939248155349604,315
3,1.1625393540146556,1.0369758813897736,1.3034337476300821,-0.0011784950764140297,0.019233277168454396,315
4,1.4899730111447511,1.30352,1.7408878869718545,3.830923396658618e-05,0.023705302596512507,315
5,2.5166836867617266,1.74411385732693,15.59789213585134,-0.0002986836314518555,0.034673755457977636,315
