group,factor_mean,factor_min,factor_max,ret_mean,ret_std,count
1,0.5154333881547518,0.10648050021195422,0.7350325535541908,9.954954700926311e-05,0.025700102775781188,315
2,0.8951509246543572,0.7365470220318927,1.0345207765312356,0.0012140794482133608,0.022650001788188337,314
3,1.1627425615177498,1.036494416051486,1.30352,-0.0018047944957969068,0.02543056513570119,315
4,1.490566810543301,1.3047982205274864,1.7408878869718545,0.0016011261528210705,0.03389441475227704,314
5,2.5166836867617266,1.74411385732693,15.59789213585134,-0.0004402269521130556,0.03854992446314719,315
