period,ic,pvalue,ic_mean,ic_std,icir,ic_positive_rate,sample_size
1D,-0.023011625593819463,0.36112603147156935,-0.09176034188331213,0.13615406265279095,-0.673944942188849,0.264163372859025,1577
3D,-0.03168369168768237,0.20885333102084033,-0.09061220698600074,0.16554433614294836,-0.5473591491995029,0.2816622691292876,1575
5D,-0.014986357657286026,0.5525550907764671,-0.06709730500213328,0.19096956549093452,-0.3513507758665264,0.31109643328929987,1573
10D,-0.014156762518591102,0.5753701644984346,-0.06000427773894902,0.2325530916377779,-0.25802399493536304,0.37773359840954274,1568
20D,-0.01306890855351249,0.6062333432432675,-0.04093103801858774,0.2888060907207125,-0.14172498203360176,0.4923282188125417,1558
