group,factor_mean,factor_min,factor_max,ret_mean,ret_std,count
1,-0.06979689366273754,-0.1773339749759384,-0.0431034482758621,-0.001507799631816798,0.02853354882202771,313
2,-0.02880114261266967,-0.043088590141330596,-0.01577701814357091,-0.0006787612493468572,0.02364470432932165,312
3,-0.0037764002428399552,-0.015597305919886617,0.007474429583005593,0.002849992669090908,0.025002523428721134,313
4,0.02208667494269306,0.007521489971346718,0.04117869285984144,0.0020145482331293697,0.03368951676767491,312
5,0.08284142204160465,0.04122990915443747,0.25442604226156473,-0.000588538780689883,0.03673341790063554,313
