group,factor_mean,factor_min,factor_max,ret_mean,ret_std,count
1,-0.06996825860242728,-0.1773339749759384,-0.04327443202307968,-0.0010892159857542507,0.022086755715571723,311
2,-0.029016800064774226,-0.04319584280610589,-0.0162716660771135,-0.0012186630569843214,0.0179866305949894,311
3,-0.003941652777685582,-0.01620370370370372,0.007587859424920129,0.0013201259305516092,0.018014329954364718,311
4,0.022333835456352646,0.007675438596491224,0.041260315078769594,0.001475973453940559,0.02387243912543913,311
5,0.08310892242697443,0.041314837153196615,0.25442604226156473,0.0003813262293732453,0.03487496058771964,311
