period,ic,pvalue,ic_mean,ic_std,icir,ic_positive_rate,sample_size
1D,0.011187932295273009,0.6580994615391432,-0.1090233410766205,0.09813837621662277,-1.1109144585393498,0.11206896551724138,1567
3D,0.0016686193941978398,0.9474112474071515,-0.1879689953514777,0.16638841591816805,-1.1297000113512905,0.10358565737051793,1565
5D,-0.00827969326901142,0.7436076059173605,-0.2352190927467075,0.2024795642090901,-1.1616930017876224,0.11236702127659574,1563
10D,0.016222055781158762,0.5222784456833756,-0.26762891645174625,0.2560772306045893,-1.0451101639137685,0.12941961307538358,1558
20D,0.059129373851417054,0.01998763446976528,-0.28911829111173803,0.30096219536561825,-0.960646538215566,0.19073203492276697,1548
