period,ic,pvalue,ic_mean,ic_std,icir,ic_positive_rate,sample_size
1D,0.007954716580568478,0.7537969383479726,-0.10936116320599282,0.09836491034805867,-1.1117904018722178,0.11281708945260348,1557
3D,-0.0016294007652084806,0.9488099190013183,-0.18846494999589064,0.16681361871974926,-1.12979354708752,0.10427807486631016,1555
5D,-0.009845264490337808,0.6982525856100579,-0.23588360714061563,0.20297427132471735,-1.1621355041755517,0.11311914323962517,1553
10D,0.01559815723093891,0.5397141541715049,-0.2680501609773657,0.25688047196123903,-1.0434820480157483,0.1302887844190732,1548
20D,0.05755576614012841,0.023994312901791232,-0.2886368708908803,0.301917587446513,-0.9560121135441125,0.19202163624070318,1538
