group,factor_mean,factor_min,factor_max,ret_mean,ret_std,count
1,-0.1623917686742655,-0.4961785124908627,-0.0439428402696548,0.0008762167680117335,0.0599555016177529,536
2,-0.015131263957642761,-0.043148653949542,0.0019817798742944,-0.0007864557501778905,0.03257056173403376,536
3,0.012662887621762377,0.0021380719816951,0.0194751697888058,0.003455101559285886,0.03431047732096034,535
4,0.026351259048051814,0.0194778273799034,0.0364440804376009,0.002109380071416323,0.036525430106329485,536
5,0.05162252186847325,0.0365026331411036,0.1028803970191275,0.0019485375261349969,0.0357164200711757,536
