group,factor_mean,factor_min,factor_max,ret_mean,ret_std,count
1,-0.16261316854044236,-0.4961785124908627,-0.0445110541209402,0.0005818579305901004,0.049360043590606945,535
2,-0.015280328544934005,-0.0439428402696548,0.001649309892801,-0.0005882972199746904,0.02563767391240536,534
3,0.012576177489104284,0.0016561593221742,0.0193173147208828,0.002638118551085039,0.02779418810348155,534
4,0.026334835882405237,0.0193938774751216,0.0365026331411036,0.00043111560663715065,0.027132543161293467,534
5,0.05165078334273001,0.0366884977280801,0.1028803970191275,0.001496289834773148,0.027879063510376795,535
