period,ic,pvalue,ic_mean,ic_std,icir,ic_positive_rate,sample_size
1D,0.014354889684737889,0.45733528180977795,0.0011929037751728148,0.14277310646276054,0.008355241436761477,0.45922256097560976,2683
3D,0.024311151792907805,0.20825043874172072,0.011943791273465627,0.20559640672280602,0.05809338530691718,0.4824561403508772,2681
5D,0.021436437305230188,0.2673700439537982,0.010376388669194003,0.24641579019730125,0.04210926848837808,0.5221374045801527,2679
10D,0.02326441833453306,0.22912324550218321,0.021476967165346816,0.3144404252978031,0.06830218202702854,0.558699808795411,2674
20D,0.03110514090372582,0.10847309135280536,0.05442942616378104,0.36273935735975765,0.15005106300003454,0.5927063339731286,2664
