group,factor_mean,factor_min,factor_max,ret_mean,ret_std,count
1,0.8824491705294528,0.0,1.2097537026429916,0.0009784169419640415,0.04089924912325121,534
2,1.4718600763869958,1.2130042381255628,1.674235711120957,0.0035183545122629105,0.037160307730890844,534
3,1.9156696492760232,1.6745961227786752,2.2183222867926924,0.00491129213479263,0.048833572901206365,534
4,2.6534706902830174,2.2190189408725067,3.2943187235639586,-0.003983156576294833,0.039810205946009265,534
5,4.90191441852592,3.294943911348139,11.874304009995704,0.0019760214387225072,0.03730609716334658,534
