group,factor_mean,factor_min,factor_max,ret_mean,ret_std,count
1,0.8830670304688848,0.0,1.2130042381255628,-0.0002751742169166777,0.030731713485000034,535
2,1.4727244806653723,1.213381768199892,1.6745961227786752,0.0019597873320297155,0.030781064998670178,534
3,1.9151962422855737,1.6759381496487156,2.2163765453243234,0.0034899825994320686,0.034113771897299444,534
4,2.651455715682322,2.2183222867926924,3.2880804495711327,-0.0016300324136123913,0.03888054320691153,534
5,4.898909566759636,3.2943187235639586,11.874304009995704,0.0010170238331688776,0.02837767262118502,535
