period,ic,pvalue,ic_mean,ic_std,icir,ic_positive_rate,sample_size
1D,-0.015207742656760703,0.431819862650661,-0.02027995329235978,0.1392856500423964,-0.14559973181865377,0.4948374760994264,2674
3D,-0.01663181880312196,0.39013143856778215,-0.027305659334434382,0.20530483272770733,-0.13300056784659064,0.5032529659395331,2672
5D,-0.02393485092976542,0.21632455006682852,-0.04583561172695318,0.25017326355925484,-0.18321546865097665,0.44427422443508235,2670
10D,-0.011030184529270565,0.569241845021305,-0.03885868133329957,0.30368902487267124,-0.1279555010247472,0.43937068303914045,2665
20D,-0.013089272589362674,0.5002107465777953,-0.03158223374132257,0.3202278632338835,-0.09862425281292896,0.47842835130970723,2655
