group,factor_mean,factor_min,factor_max,ret_mean,ret_std,count
1,-1.377284378436566,-3.9994710712802055,-0.6169864897853907,0.009654138809602988,0.02798544684447987,24
2,-0.3606585478667986,-0.6132492185461251,-0.2218847932317852,0.0003781973979277338,0.022041585650851146,24
3,-0.011723880667166262,-0.2164084028232848,0.1188636050062232,0.007600288627524835,0.0229902189733807,23
4,0.2845619621846929,0.1269791948738966,0.4393609986497017,0.0005669337809462623,0.021245792329038813,24
5,0.9813301448259789,0.4451602663197431,2.1533626847890317,0.006613291202883911,0.019239695580013136,24
