period,ic,pvalue,ic_mean,ic_std,icir,ic_positive_rate,sample_size
1D,0.01412410242514564,0.8777988980027369,-0.05563585595869544,0.038255737394334764,-1.4543140388383802,0.06451612903225806,121
3D,0.0027560176613018097,0.9762685760434484,-0.1421294558556397,0.07777989137795774,-1.8273290607335326,0.0,119
5D,0.1327608685878703,0.15359865361854833,0.005475661128453307,0.07159587644382627,0.07648011869439827,0.3620689655172414,117
10D,0.08262719103427069,0.38642634016098737,0.007328683772642229,0.06098538883635911,0.12017114119428084,0.5283018867924528,112
20D,0.08958388700092167,0.37057100079759314,-0.01650148824221395,0.08425826875645204,-0.19584414070874623,0.46511627906976744,102
