group,factor_mean,factor_min,factor_max,ret_mean,ret_std,count
1,-0.09513913593670595,-0.2534742101701972,-0.053358843537414935,9.142732698275438e-06,0.03097142886262605,533
2,-0.032206478971650444,-0.05332314744079447,-0.0137468914064659,0.002089582015778783,0.024972572981172357,532
3,0.0020528869075771327,-0.013646702047005355,0.017966695880806238,0.0007200573171252213,0.02410017929817407,532
4,0.03724840225309829,0.018018859116795793,0.062321598477640405,-0.0004625814865187252,0.030731762641128726,532
5,0.11512369846627327,0.06250808852077139,0.5742428697441928,0.001997890139675805,0.04776414260861326,533
