group,factor_mean,factor_min,factor_max,ret_mean,ret_std,count
1,-0.09521767032091515,-0.2534742101701972,-0.053475935828877,0.0003461019464389968,0.03880253307227005,532
2,-0.03228093752828757,-0.053358843537414935,-0.013784461152882233,0.004112639521149392,0.03227794729302943,532
3,0.002027458709531161,-0.0137468914064659,0.017966695880806238,-0.0002887272476607905,0.03217957582795637,532
4,0.03732345383836048,0.018018859116795793,0.06250808852077139,0.0005296952485119893,0.040877979517933184,532
5,0.11522259998872722,0.06255580357142865,0.5742428697441928,0.0018704210496348626,0.05630661277645244,532
