group,factor_mean,factor_min,factor_max,ret_mean,ret_std,count
1,-0.09513913593670595,-0.2534742101701972,-0.053358843537414935,9.142732698275438e-06,0.03097142886262605,533
2,-0.032206478971650444,-0.05332314744079447,-0.0137468914064659,0.002089582015778783,0.024972572981172357,532
3,0.0020528869075771327,-0.013646702047005355,0.017966695880806238,0.0007200573171252213,0.02410017929817407,532
4,0.03732345383836048,0.018018859116795793,0.06250808852077139,-0.0006037995205640516,0.03046040305372881,532
5,0.11522259998872722,0.06255580357142865,0.5742428697441928,0.0019629526157609795,0.047802279702320476,532
