group,factor_mean,factor_min,factor_max,ret_mean,ret_std,count
1,-0.09521767032091515,-0.2534742101701972,-0.053475935828877,0.0003461019464389968,0.03880253307227005,532
2,-0.03223749681712198,-0.053358843537414935,-0.0137468914064659,0.0037324819566048667,0.03175490896679317,532
3,0.002057165583572587,-0.013646702047005355,0.017966695880806238,-0.0001890215140258715,0.03212756147823851,531
4,0.03732345383836048,0.018018859116795793,0.06250808852077139,0.0005296952485119893,0.040877979517933184,532
5,0.11522259998872722,0.06255580357142865,0.5742428697441928,0.0018704210496348626,0.05630661277645244,532
