period,ic,pvalue,ic_mean,ic_std,icir,ic_positive_rate,sample_size
1D,-0.004327143876378601,0.823677590846565,-0.11989727634379076,0.12758026132580627,-0.9397792032860381,0.1556840077071291,2654
3D,-0.027560971548012753,0.15592131157898198,-0.2109250857113228,0.20207502409875053,-1.0437959201145381,0.1423062090242962,2652
5D,-0.0391416173061056,0.04392985643618469,-0.2594343880831323,0.23464695886054804,-1.1056371211583251,0.13739868776534156,2650
10D,-0.01348256633861446,0.48824288447697234,-0.31213819787101843,0.27990384687540215,-1.1151622292992824,0.12606341840680588,2645
20D,0.056120368916212714,0.003955498080942604,-0.30934881374380124,0.3363840044262729,-0.9196299754841728,0.16731366459627328,2635
