period,ic,pvalue,ic_mean,ic_std,icir,ic_positive_rate,sample_size
1D,-0.0043138424466577585,0.823917526901535,-0.11969069953703676,0.1274208867417509,-0.9393334373792169,0.15514592933947774,2663
3D,-0.028319820505008714,0.14415789759476041,-0.21046823892062363,0.2018966192992165,-1.042455488611742,0.1418139892390469,2661
5D,-0.03955347230888437,0.041406801742143735,-0.2588050307742991,0.23450259465483625,-1.1036339753734221,0.13692307692307693,2659
10D,-0.013531274779762986,0.4859317094477399,-0.31133158992813015,0.279756791563729,-1.1128651718798697,0.125626204238921,2654
20D,0.056386973787747416,0.003727512220514144,-0.30934825208385625,0.33580556365849346,-0.9212124084949834,0.1667311411992263,2644
