group,factor_mean,factor_min,factor_max,ret_mean,ret_std,count
1,-0.7196039500711416,-1.640032696418216,-0.3168912475838918,0.0021713573569759385,0.017106318116363504,24
2,-0.158638837176179,-0.301753883736385,-0.0519247142588275,0.007766092062790946,0.020514410951678646,24
3,0.018241792225432357,-0.0464730221036619,0.0780699397603333,0.010636552008368999,0.019893712286520034,23
4,0.18279555198558808,0.0808673821226098,0.3012559772641655,0.0018455309224103822,0.014947236328045994,24
5,0.7259563161262905,0.3145411271521738,2.604319327396227,0.001248754306732371,0.02442502736337288,24
