period,ic,pvalue,ic_mean,ic_std,icir,ic_positive_rate,sample_size
1D,-0.09016614029831685,0.32739283768214955,-0.12120805144895953,0.04821855326944238,-2.513722275565926,0.03278688524590164,120
3D,0.02093003721519437,0.8220082444711772,-0.19070813465903302,0.06979993616650189,-2.732210731598877,0.01694915254237288,118
5D,-0.027786106946526737,0.7671676423429336,-0.19613458659459132,0.03834764855749145,-5.114644416868039,0.0,116
10D,-0.14571779571779572,0.1270071505369363,-0.17263109856435307,0.035771229121641185,-4.825976149081029,0.0,111
20D,-0.07131042516016307,0.47854584784716986,-0.0049250043675930924,0.05721905934761482,-0.08607279503972466,0.30952380952380953,101
