group,factor_mean,factor_min,factor_max,ret_mean,ret_std,count
1,-0.061706931865187414,-0.23315170633782623,-0.022321428571428603,0.002851542875641783,0.03209071549872273,300
2,-0.00837792871760274,-0.021938392186326094,0.0018953200174953722,0.0029688111671518744,0.0211664515859148,299
3,0.009463568839439728,0.002045338333049207,0.01669640581187859,0.0032140566977071766,0.022900186253003017,300
4,0.03002605221491947,0.016779511333529618,0.047501711156741955,0.0005517742919163252,0.023765015487954278,299
5,0.0842657851875687,0.04762692244087985,0.18217054263565902,0.0054623931647709515,0.027604305176435875,300
