period,ic,pvalue,ic_mean,ic_std,icir,ic_positive_rate,sample_size
1D,-0.018077105798185427,0.48388744911490805,-0.09953834414755192,0.10598831060007019,-0.9391445489035467,0.16493416493416493,1502
3D,-0.03228094653454528,0.2114752881220395,-0.1665698529764691,0.16909428980135657,-0.9850708333921089,0.17557251908396945,1500
5D,-0.034294034959009845,0.18464146534758807,-0.21070615653771935,0.2069322222769535,-1.0182375379689053,0.18276580958999306,1498
10D,-0.012163566028051753,0.638629314159319,-0.26224398296430845,0.2620243584351751,-1.000838183634701,0.15690376569037656,1493
20D,0.008622112680157133,0.740069358550273,-0.3094974121711254,0.3071945647112496,-1.0074963808752293,0.1720505617977528,1483
