group,factor_mean,factor_min,factor_max,ret_mean,ret_std,count
1,-1.3812422200414722,-4.798703565533951,-0.63706831025179,0.004052652431908869,0.020154767189863844,24
2,-0.40858152815228754,-0.6276057513489831,-0.2410488093179225,8.956806506351296e-05,0.041077386458643034,24
3,-0.06824373839301658,-0.2296194950207821,0.0578860537572504,-0.005546913043529857,0.017644725402982255,23
4,0.20538673576764643,0.0797704916489385,0.3422526819652033,0.012101095136820875,0.02984284848224434,24
5,1.0599507557512515,0.3453827268786541,4.865732166264372,0.01427844445161706,0.038593148606571356,24
