period,ic,pvalue,ic_mean,ic_std,icir,ic_positive_rate,sample_size
1D,-0.03145710024503013,0.7330487426620452,0.05327868439953769,0.06197919011628181,0.8596221457489082,0.8032786885245902,120
3D,0.10220254985957877,0.27077824872943623,0.03778391139236888,0.0630171518259145,0.5995813885201811,0.7627118644067796,118
5D,0.07862222734786453,0.40151614982743533,0.04289328362622091,0.05080863905400792,0.8442124100318207,0.7894736842105263,116
10D,-0.031203931203931203,0.7450966882871112,0.032799755942665015,0.0676426340218961,0.48489767462407873,0.8653846153846154,111
20D,0.14548631333721607,0.14659734430503574,0.13342428166509043,0.03483002813950686,3.8307256350950367,1.0,101
